{
  "global_avg_delay": 261.25773195876286,
  "total_contractors": 2017,
  "total_projects": 7275,
  "total_provinces": 16,
  "total_savings": 7383652775.989996
}